{
  "LAY001": {
    "predictions": [
      41.01972770369644,
      40.73710782458772,
      40.45448794547899,
      40.17186806637026,
      39.889248187261536,
      39.60662830815281,
      39.324008429044085,
      39.041388549935355,
      38.758768670826626,
      38.476148791717904,
      38.193528912609175,
      37.91090903350045,
      37.62828915439172,
      37.345669275283,
      37.06304939617427,
      36.78042951706554,
      36.49780963795682,
      36.21518975884809,
      35.93256987973936,
      35.64995000063064,
      35.36733012152191,
      35.08471024241319,
      34.80209036330446,
      34.519470484195736,
      34.23685060508701,
      33.95423072597828,
      33.671610846869555,
      33.388990967760826,
      33.1063710886521,
      32.823751209543374
    ],
    "confidence_intervals": [
      [
        21.875388056253183,
        60.16406735113969
      ],
      [
        21.59276817714446,
        59.88144747203097
      ],
      [
        21.31014829803573,
        59.59882759292225
      ],
      [
        21.027528418927,
        59.31620771381351
      ],
      [
        20.74490853981828,
        59.03358783470479
      ],
      [
        20.46228866070955,
        58.75096795559607
      ],
      [
        20.179668781600828,
        58.468348076487345
      ],
      [
        19.8970489024921,
        58.18572819737861
      ],
      [
        19.61442902338337,
        57.90310831826989
      ],
      [
        19.331809144274647,
        57.620488439161164
      ],
      [
        19.049189265165918,
        57.33786856005243
      ],
      [
        18.766569386057196,
        57.055248680943706
      ],
      [
        18.483949506948466,
        56.77262880183498
      ],
      [
        18.201329627839744,
        56.49000892272626
      ],
      [
        17.918709748731015,
        56.207389043617525
      ],
      [
        17.636089869622285,
        55.9247691645088
      ],
      [
        17.353469990513563,
        55.64214928540008
      ],
      [
        17.070850111404834,
        55.359529406291344
      ],
      [
        16.788230232296105,
        55.07690952718262
      ],
      [
        16.505610353187382,
        54.7942896480739
      ],
      [
        16.222990474078653,
        54.51166976896516
      ],
      [
        15.94037059496993,
        54.22904988985644
      ],
      [
        15.657750715861201,
        53.94643001074772
      ],
      [
        15.37513083675248,
        53.663810131638996
      ],
      [
        15.09251095764375,
        53.38119025253026
      ],
      [
        14.80989107853502,
        53.09857037342154
      ],
      [
        14.527271199426298,
        52.815950494312816
      ],
      [
        14.244651320317569,
        52.53333061520408
      ],
      [
        13.96203144120884,
        52.25071073609536
      ],
      [
        13.679411562100118,
        51.968090856986635
      ]
    ],
    "feature_importance": {
      "day_of_week": 0.007461081582436066,
      "month": 0.0023724387691036724,
      "quarter": 0.00046882152327231585,
      "year": 0.0,
      "is_weekend": 0.09810494779557757,
      "is_summer": 0.0010024424181101163,
      "is_holiday_season": 0.0,
      "is_super_bowl": 0.0,
      "is_july_4th": 0.018615173565093058,
      "demand_lag_1": 0.037731299487430786,
      "demand_lag_3": 0.022398821346506663,
      "demand_lag_7": 0.025235738389696567,
      "demand_lag_14": 0.013492860246875722,
      "demand_lag_30": 0.015187720964694753,
      "demand_rolling_mean_7": 0.09553973873045958,
      "demand_rolling_std_7": 0.06704292320633981,
      "demand_rolling_max_7": 0.02862360773787828,
      "demand_rolling_mean_14": 0.034133921082515464,
      "demand_rolling_std_14": 0.04116102422512229,
      "demand_rolling_max_14": 0.015357921063933633,
      "demand_rolling_mean_30": 0.021991818161830583,
      "demand_rolling_std_30": 0.01599122697375142,
      "demand_rolling_max_30": 0.002473870259808645,
      "demand_trend_7": 0.058728391699072624,
      "demand_seasonal": 0.1759947021717754,
      "demand_monthly_seasonal": 0.0035291883539056382,
      "promotional_boost": 0.007440281603494157,
      "weekend_summer": 0.1899200386413153,
      "holiday_weekend": 0.0,
      "brand_encoded": 0.0,
      "brand_tier_encoded": 0.0
    },
    "forecast_date": "2025-10-23T10:05:51.200821",
    "horizon_days": 30
  },
  "LAY002": {
    "predictions": [
      43.374662082343946,
      43.186854213279574,
      42.999046344215195,
      42.81123847515082,
      42.62343060608645,
      42.43562273702207,
      42.2478148679577,
      42.06000699889333,
      41.87219912982896,
      41.684391260764585,
      41.496583391700206,
      41.308775522635834,
      41.12096765357146,
      40.93315978450708,
      40.74535191544271,
      40.55754404637834,
      40.36973617731397,
      40.181928308249596,
      39.99412043918522,
      39.806312570120845,
      39.61850470105647,
      39.430696831992094,
      39.24288896292772,
      39.05508109386335,
      38.86727322479898,
      38.67946535573461,
      38.49165748667023,
      38.303849617605856,
      38.116041748541484,
      37.92823387947711
    ],
    "confidence_intervals": [
      [
        29.95954216421403,
        56.78978200047386
      ],
      [
        29.77173429514966,
        56.60197413140949
      ],
      [
        29.58392642608528,
        56.414166262345105
      ],
      [
        29.39611855702091,
        56.226358393280734
      ],
      [
        29.208310687956537,
        56.03855052421636
      ],
      [
        29.020502818892158,
        55.85074265515199
      ],
      [
        28.832694949827786,
        55.66293478608762
      ],
      [
        28.644887080763414,
        55.475126917023246
      ],
      [
        28.457079211699043,
        55.287319047958874
      ],
      [
        28.26927134263467,
        55.0995111788945
      ],
      [
        28.08146347357029,
        54.911703309830116
      ],
      [
        27.89365560450592,
        54.723895440765745
      ],
      [
        27.705847735441548,
        54.53608757170137
      ],
      [
        27.51803986637717,
        54.348279702637
      ],
      [
        27.330231997312797,
        54.16047183357263
      ],
      [
        27.142424128248425,
        53.97266396450826
      ],
      [
        26.954616259184053,
        53.784856095443885
      ],
      [
        26.76680839011968,
        53.59704822637951
      ],
      [
        26.579000521055303,
        53.40924035731513
      ],
      [
        26.39119265199093,
        53.221432488250755
      ],
      [
        26.20338478292656,
        53.033624619186384
      ],
      [
        26.01557691386218,
        52.84581675012201
      ],
      [
        25.827769044797808,
        52.65800888105764
      ],
      [
        25.639961175733436,
        52.47020101199327
      ],
      [
        25.452153306669064,
        52.282393142928896
      ],
      [
        25.264345437604693,
        52.094585273864524
      ],
      [
        25.076537568540314,
        51.90677740480014
      ],
      [
        24.88872969947594,
        51.718969535735766
      ],
      [
        24.70092183041157,
        51.531161666671395
      ],
      [
        24.513113961347198,
        51.34335379760702
      ]
    ],
    "feature_importance": {
      "day_of_week": 0.004426933825411485,
      "month": 0.002862356726025582,
      "quarter": 0.0010617054218992397,
      "year": 0.0,
      "is_weekend": 0.05604870398318404,
      "is_summer": 0.0004967326573317914,
      "is_holiday_season": 0.0,
      "is_super_bowl": 0.0,
      "is_july_4th": 0.003197658101665713,
      "demand_lag_1": 0.03350349099133891,
      "demand_lag_3": 0.0411677304724167,
      "demand_lag_7": 0.03269308505201037,
      "demand_lag_14": 0.029186429789043976,
      "demand_lag_30": 0.01911420743386696,